Sample,SITE,SPEC,DBH,CRN CL,CRN DB%,FLAGGING,CANKER,DW. MIST.,MECH DMG.,FIRE,SLOPE,ASPECT(DEG),ASPECT W/C,,,,,,,,,
1,1,PIPO,7,I,10,1,0,0,0,0,5,120,W,,,SITE,TREE TOTAL,TPA,Total Basal Area,SLOPE,ASPECT,ASPECT W/C
2,1,PIPO,6,I,0,1,0,0,0,0,5,120,W,,,1,36,360,8.7059475,120,5,W
3,1,PIPO,5,I,0,1,0,0,0,0,5,120,W,,,2,90,900,14.706711,NA,NA,W
4,1,PIPO,2.5,I,0,0,0,0,0,0,5,120,W,,,3,17,170,9.754479,160,8,W
5,1,PIPO,4,I,0,0,0,0,0,0,5,120,W,,,4,15,150,6.3716355,215,10,W
6,1,PIPO,1.5,I,0,0,0,0,0,0,5,120,W,,,5,12,120,6.0280335,35,10,C
7,1,PIPO,2,I,10,1,0,0,0,0,5,120,W,,,6,35,350,15.928407,320,12,C
8,1,PIPO,1.5,I,0,1,0,0,0,0,5,120,W,,,7,22,220,17.057385,10,8,C
9,1,PIPO,2.5,I,0,0,0,0,0,0,5,120,W,,,8,9,90,10.368054,180,8,W
10,1,PIPO,22,D,10,1,1,0,0,0,5,120,W,,,9,12,120,12.402396,125,16,W
11,1,JUSC,2.5,S,20,1,0,0,1,0,5,120,W,,,10,15,150,8.900928,115,22,W
12,1,PIPO,7,I,10,0,0,0,1,0,5,120,W,,,11,80,800,19.350792,260,12,W
13,1,PIPO,2,S,0,0,1,0,0,0,5,120,W,,,12,15,150,12.6464625,280,12,C
14,1,PIPO,1.5,S,0,0,0,0,0,0,5,120,W,,,13,17,170,15.3161955,325,12,C
15,1,PIPO,1,S,0,0,0,0,0,0,5,120,W,,,14,9,90,16.0743015,105,14,W
16,1,PIPO,2.5,I,0,1,0,0,0,0,5,120,W,,,15,56,560,15.8806845,285,12,C
17,1,PIPO,3,I,0,0,0,0,0,0,5,120,W,,,16,11,110,8.4577905,155,14,W
18,1,PSME,1.5,S,0,1,0,0,0,0,5,120,W,,,17,21,210,10.0858095,80,14,C
19,1,PIPO,4,I,30,1,1,0,1,0,5,120,W,,,18,12,120,8.3023515,85,16,C
20,1,PIPO,1.5,S,0,0,0,0,0,0,5,120,W,,,19,13,130,6.580251,0,18,C
21,1,PIPO,2.5,S,0,1,1,0,0,0,5,120,W,,,20,12,120,2.626101,315,18,C
22,1,PIPO,1.5,S,0,1,0,0,0,0,5,120,W,,,21,14,140,10.133532,150,12,W
23,1,PIPO,1.5,S,0,0,0,0,0,0,5,120,W,,,22,33,330,6.3389115,165,16,W
24,1,PIPO,2,S,10,1,1,0,1,0,5,120,W,,,23,13,130,10.6448445,145,18,W
25,1,PIPO,2.5,I,0,0,0,0,0,0,5,120,W,,,24,14,140,5.9162265,145,8,W
26,1,PIPO,2.5,I,0,1,0,0,0,0,5,120,W,,,26,18,180,7.960113,225,20,W
27,1,PIPO,2,S,0,1,0,0,0,0,5,120,W,,,27,18,180,3.4782885,180,25,W
28,1,PSME,2,I,0,1,0,0,0,0,5,120,W,,,28,11,110,13.2982155,20,10,C
29,1,PIPO,4.5,I,20,0,1,0,0,0,5,120,W,,,29,31,310,10.872549,180,16,W
30,1,PIPO,3,I,0,0,0,0,0,0,5,120,W,,,30,13,130,7.2906345,220,19,W
31,1,PSME,6,CD,0,1,0,0,0,0,5,120,W,,,31,16,160,11.9510775,220,15,W
32,1,PSME,7.5,CD,0,1,0,0,0,0,5,120,W,,,32,15,150,10.4703165,95,24,W
33,1,JUSC,5,I,30,1,0,0,1,0,5,120,W,,,,,,,,,
34,1,PIPO,21,D,20,1,0,0,0,0,5,120,W,,,,,,,,,
35,1,PIPO,15.5,D,0,0,1,0,0,0,5,120,W,,,,,,,,,
36,1,PIPO,2,I,0,0,0,0,0,0,5,120,W,,,,,,,,,
37,2,PIPO,8,CD,30,0,0,0,0,0,0,N/A,W,,,,,,,,,
38,2,PIPO,5.5,CD,20,1,0,0,0,0,0,N/A,W,,,,,,,,,
39,2,PIPO,5,I,20,0,0,0,1,0,0,N/A,W,,,,,,,,,
40,2,PIPO,2,S,100,0,0,0,0,0,0,N/A,W,,,,,,,,,
41,2,PSME,2,S,0,1,1,0,0,0,0,N/A,W,,,,,,,,,
42,2,PSME,1,S,0,1,1,0,0,0,0,N/A,W,,,,,,,,,
43,2,PIPO,3,I,30,1,0,0,1,0,0,N/A,W,,,,,,,,,
44,2,PIPO,4,I,100,0,0,0,0,0,0,N/A,W,,,,,,,,,
45,2,PIPO,3.5,I,0,0,0,0,0,0,0,N/A,W,,,,,,,,,
46,2,PIPO,5.5,CD,0,0,0,0,1,0,0,N/A,W,,,,,,,,,
47,2,PIPO,5,CD,0,1,1,0,0,0,0,N/A,W,,,,,,,,,
48,2,PSME,1,S,20,1,1,0,1,0,0,N/A,W,,,,,,,,,
49,2,PSME,2,I,0,1,1,0,1,0,0,N/A,W,,,,,,,,,
50,2,PIPO,3,I,0,1,0,0,1,0,0,N/A,W,,,,,,,,,
51,2,PIPO,5.5,CD,0,0,0,0,0,0,0,N/A,W,,,,,,,,,
52,2,PIPO,4,CD,0,0,0,0,0,0,0,N/A,W,,,,,,,,,
53,2,PSME,5,I,0,0,1,0,1,0,0,N/A,W,,,,,,,,,
54,2,PIPO,3,I,0,0,0,0,0,0,0,N/A,W,,,,,,,,,
55,2,PIPO,6.5,CD,0,0,0,0,0,0,0,N/A,W,,,,,,,,,
56,2,PSME,1.5,I,0,0,0,0,0,0,0,N/A,W,,,,,,,,,
57,2,PIPO,6,I,0,0,0,0,0,0,0,N/A,W,,,,,,,,,
58,2,PIPO,4,I,0,0,0,0,1,0,0,N/A,W,,,,,,,,,
59,2,PSME,4,I,0,0,0,0,1,0,0,N/A,W,,,,,,,,,
60,2,PIPO,4,I,0,0,0,0,1,0,0,N/A,W,,,,,,,,,
61,2,PSME,2,I,0,0,0,0,1,0,0,N/A,W,,,,,,,,,
62,2,PSME,2.5,I,0,0,0,0,1,0,0,N/A,W,,,,,,,,,
63,2,PSME,3,I,0,0,0,0,1,0,0,N/A,W,,,,,,,,,
64,2,PSME,4,I,0,0,0,0,1,0,0,N/A,W,,,,,,,,,
65,2,PSME,2.5,I,0,0,0,0,1,0,0,N/A,W,,,,,,,,,
66,2,PSME,4.5,I,0,0,0,0,1,0,0,N/A,W,,,,,,,,,
67,2,PSME,1.5,I,0,0,1,0,1,0,0,N/A,W,,,,,,,,,
68,2,PIPO,6,CD,0,0,0,0,1,0,0,N/A,W,,,,,,,,,
69,2,PIPO,6,CD,0,0,0,0,1,0,0,N/A,W,,,,,,,,,
70,2,PIPO,5,CD,0,0,0,0,1,0,0,N/A,W,,,,,,,,,
71,2,PSME,8,CD,0,0,0,0,0,0,0,N/A,W,,,,,,,,,
72,2,PSME,4,CD,0,0,0,0,1,0,0,N/A,W,,,,,,,,,
73,2,PIPO,3.5,CD,0,0,0,0,0,0,0,N/A,W,,,,,,,,,
74,2,PIPO,4.5,CD,0,0,0,0,1,0,0,N/A,W,,,,,,,,,
75,2,PSME,3.5,CD,0,0,0,0,0,0,0,N/A,W,,,,,,,,,
76,2,PSME,3,I,0,0,0,0,0,0,0,N/A,W,,,,,,,,,
77,2,PSME,4,I,0,0,1,0,0,0,0,N/A,W,,,,,,,,,
78,2,PSME,2,S,0,0,0,0,0,0,0,N/A,W,,,,,,,,,
79,2,PSME,2,S,0,1,1,0,1,0,0,N/A,W,,,,,,,,,
80,2,PIPO,8,CD,0,0,0,0,0,0,0,N/A,W,,,,,,,,,
81,2,PIPO,5.5,CD,0,0,1,0,0,0,0,N/A,W,,,,,,,,,
82,2,PSME,2.5,S,0,0,0,0,0,0,0,N/A,W,,,,,,,,,
83,2,PSME,5,I,0,0,0,0,0,0,0,N/A,W,,,,,,,,,
84,2,PIED,5,I,0,0,0,0,0,0,0,N/A,W,,,,,,,,,
85,2,PIPO,7.5,CD,0,0,0,0,0,0,0,N/A,W,,,,,,,,,
86,2,PSME,1.5,S,0,0,0,0,1,0,0,N/A,W,,,,,,,,,
87,2,PSME,1.5,S,0,0,0,0,0,0,0,N/A,W,,,,,,,,,
88,2,PSME,1,S,0,0,0,0,1,0,0,N/A,W,,,,,,,,,
89,2,PIPO,8.5,CD,0,0,0,0,1,0,0,N/A,W,,,,,,,,,
90,2,PSME,1.5,S,0,0,0,0,0,0,0,N/A,W,,,,,,,,,
91,2,PSME,2.5,S,0,0,0,0,1,0,0,N/A,W,,,,,,,,,
92,2,PIPO,6,CD,0,1,0,0,1,0,0,N/A,W,,,,,,,,,
93,2,PIPO,2.5,I,0,1,0,0,1,0,0,N/A,W,,,,,,,,,
94,2,PIPO,3.5,I,20,0,0,0,0,0,0,N/A,W,,,,,,,,,
95,2,PIPO,20,D,0,1,0,0,1,0,0,N/A,W,,,,,,,,,
96,2,PIPO,2,S,0,0,0,0,1,0,0,N/A,W,,,,,,,,,
97,2,PIPO,4,I,0,1,0,0,0,0,0,N/A,W,,,,,,,,,
98,2,PIPO,2.5,I,0,0,0,0,0,0,0,N/A,W,,,,,,,,,
99,2,PIPO,2,I,0,1,0,0,1,0,0,N/A,W,,,,,,,,,
100,2,PIPO,2.5,0,1,0,0,0,0,0,0,N/A,W,,,,,,,,,
101,2,JUSC,1.5,S,0,1,0,0,1,0,0,N/A,W,,,,,,,,,
102,2,PIPO,15,D,0,1,0,0,1,0,0,N/A,W,,,,,,,,,
103,2,PSME,3,I,0,0,0,0,0,0,0,N/A,W,,,,,,,,,
104,2,PIPO,3,I,0,1,0,0,0,0,0,N/A,W,,,,,,,,,
105,2,PIPO,1.5,S,0,1,0,0,1,0,0,N/A,W,,,,,,,,,
106,2,PIPO,15,D,0,1,0,0,1,0,0,N/A,W,,,,,,,,,
107,2,PSME,3,I,0,0,0,0,1,0,0,N/A,W,,,,,,,,,
108,2,PIPO,20,D,0,1,0,0,1,0,0,N/A,W,,,,,,,,,
109,2,PSME,2,I,0,0,0,0,0,0,0,N/A,W,,,,,,,,,
110,2,PSME,2,I,0,0,0,0,0,0,0,N/A,W,,,,,,,,,
111,2,PSME,2,I,0,0,0,0,0,0,0,N/A,W,,,,,,,,,
112,2,PSME,1.5,I,0,0,0,0,0,0,0,N/A,W,,,,,,,,,
113,2,PSME,1.5,I,0,0,0,0,0,0,0,N/A,W,,,,,,,,,
114,2,PSME,1.5,I,0,0,0,0,0,0,0,N/A,W,,,,,,,,,
115,2,PSME,1.5,I,0,0,0,0,0,0,0,N/A,W,,,,,,,,,
116,2,PSME,1,I,0,0,0,0,0,0,0,N/A,W,,,,,,,,,
117,2,PSME,1,I,0,0,0,0,0,0,0,N/A,W,,,,,,,,,
118,2,PSME,6,CD,0,1,0,0,1,0,0,N/A,W,,,,,,,,,
119,2,PIPO,2.5,S,0,0,0,0,0,0,0,N/A,W,,,,,,,,,
120,2,PIPO,6,I,0,0,0,0,1,0,0,N/A,W,,,,,,,,,
121,2,PIPO,6.5,I,0,0,0,0,1,0,0,N/A,W,,,,,,,,,
122,2,PIPO,1,S,0,0,0,0,0,0,0,N/A,W,,,,,,,,,
123,2,PSME,2.5,S,0,1,0,0,1,0,0,N/A,W,,,,,,,,,
124,2,PIPO,3,I,0,0,0,0,0,0,0,N/A,W,,,,,,,,,
125,2,PSME,3,I,0,0,0,0,0,0,0,N/A,W,,,,,,,,,
126,2,PIPO,10,CD,0,1,1,0,1,0,0,N/A,W,,,,,,,,,
127,3,PIPO,20,D,10,1,0,0,0,1,8,160,W,,,,,,,,,
128,3,PIPO,10,CD,20,1,1,0,0,1,8,160,W,,,,,,,,,
129,3,PIPO,12,CD,10,0,0,0,0,1,8,160,W,,,,,,,,,
130,3,PIPO,6,I,100,0,0,0,1,1,8,160,W,,,,,,,,,
131,3,PIPO,5,I,100,0,0,0,1,1,8,160,W,,,,,,,,,
132,3,PIPO,6,I,100,0,0,0,1,1,8,160,W,,,,,,,,,
133,3,PIPO,11,CD,30,0,0,0,0,2,8,160,W,,,,,,,,,
134,3,PIPO,11,CD,30,0,0,0,1,2,8,160,W,,,,,,,,,
135,3,PIPO,10,CD,20,0,0,0,1,2,8,160,W,,,,,,,,,
136,3,PIPO,2.5,I,100,0,0,0,0,2,8,160,W,,,,,,,,,
137,3,PIPO,8.5,I,10,1,0,0,0,1,8,160,W,,,,,,,,,
138,3,PIPO,16,CD,20,0,0,0,0,2,8,160,W,,,,,,,,,
139,3,PIPO,3,I,20,0,0,0,0,1,8,160,W,,,,,,,,,
140,3,PIPO,3,I,10,1,0,0,0,1,8,160,W,,,,,,,,,
141,3,PIPO,16,CD,10,1,0,0,0,2,8,160,W,,,,,,,,,
142,3,PIPO,9,CD,20,1,1,0,0,2,8,160,W,,,,,,,,,
143,3,PIPO,4,I,100,0,0,0,0,2,8,160,W,,,,,,,,,
144,4,PIPO,9,CD,20,0,0,0,1,1,10,215,W,,,,,,,,,
145,4,PIPO,7,CD,0,0,0,0,0,0,10,215,W,,,,,,,,,
146,4,PIPO,12.5,CD,10,1,0,0,1,1,10,215,W,,,,,,,,,
147,4,PIPO,9,CD,20,1,0,0,0,2,10,215,W,,,,,,,,,
148,4,PIPO,3,I,10,1,0,0,1,1,10,215,W,,,,,,,,,
149,4,PIPO,21.5,D,10,1,0,0,1,1,10,215,W,,,,,,,,,
150,4,PIPO,2,S,100,0,0,0,0,1,10,215,W,,,,,,,,,
151,4,PIPO,1.5,S,0,1,0,0,0,1,10,215,W,,,,,,,,,
152,4,PIPO,4,I,10,1,0,0,0,1,10,215,W,,,,,,,,,
153,4,PIPO,3,I,0,1,0,0,0,0,10,215,W,,,,,,,,,
154,4,PIPO,7,CD,20,1,0,0,0,1,10,215,W,,,,,,,,,
155,4,PIPO,11,CD,10,1,0,0,0,0,10,215,W,,,,,,,,,
156,4,PIPO,8.5,CD,0,1,0,0,1,1,10,215,W,,,,,,,,,
157,4,PIPO,6,I,0,1,0,0,1,1,10,215,W,,,,,,,,,
158,4,PSME,4.5,I,100,0,0,0,1,1,10,215,W,,,,,,,,,
159,5,PIPO,21,D,0,1,0,0,0,0,10,35,C,,,,,,,,,
160,5,PIPO,11,CD,0,1,0,0,1,1,10,35,C,,,,,,,,,
161,5,JUSC,4.5,I,0,1,0,0,0,0,10,35,C,,,,,,,,,
162,5,JUSC,4.5,I,20,0,0,0,0,0,10,35,C,,,,,,,,,
163,5,PIPO,8,CD,0,0,0,0,0,0,10,35,C,,,,,,,,,
164,5,PIPO,10.5,CD,0,0,0,0,0,0,10,35,C,,,,,,,,,
165,5,PIPO,5.5,I,0,1,0,0,0,0,10,35,C,,,,,,,,,
166,5,PIPO,1.5,S,0,0,0,0,0,0,10,35,C,,,,,,,,,
167,5,PIPO,6,I,0,1,0,0,0,0,10,35,C,,,,,,,,,
168,5,PIPO,4,I,0,1,0,0,0,0,10,35,C,,,,,,,,,
169,5,PIPO,12,CD,0,0,0,0,0,0,10,35,C,,,,,,,,,
170,5,JUSC,10,CD,0,1,0,0,0,0,12,320,C,,,,,,,,,
171,6,PIPO,12,CD,0,0,0,0,0,2,12,320,C,,,,,,,,,
172,6,PIPO,12.5,CD,0,0,0,0,0,2,12,320,C,,,,,,,,,
173,6,PSME,1.5,S,0,0,1,0,0,0,12,320,C,,,,,,,,,
174,6,PSME,1.5,S,0,0,1,0,0,0,12,320,C,,,,,,,,,
175,6,PIPO,15,CD,0,1,0,0,0,2,12,320,C,,,,,,,,,
176,6,PSME,3,S,0,0,1,0,0,0,12,320,C,,,,,,,,,
177,6,PSME,3,S,0,0,1,0,0,0,12,320,C,,,,,,,,,
178,6,PSME,2,S,0,0,1,0,0,0,12,320,C,,,,,,,,,
179,6,PSME,2,S,0,0,1,0,0,0,12,320,C,,,,,,,,,
180,6,PSME,1,S,0,0,1,0,0,0,12,320,C,,,,,,,,,
181,6,PSME,1,S,0,0,1,0,0,0,12,320,C,,,,,,,,,
182,6,JUSC,1,S,20,1,0,0,0,0,12,320,C,,,,,,,,,
183,6,PIPO,11,CD,10,1,0,0,0,2,12,320,C,,,,,,,,,
184,6,PSME,8,I,0,0,1,0,0,0,12,320,C,,,,,,,,,
185,6,PIPO,12,CD,0,0,0,0,0,2,12,320,C,,,,,,,,,
186,6,PIPO,15.5,CD,20,1,0,0,0,2,12,320,C,,,,,,,,,
187,6,JUSC,3.5,I,0,0,0,0,0,0,12,320,C,,,,,,,,,
188,6,PIPO,9,CD,0,0,0,0,0,2,12,320,C,,,,,,,,,
189,6,PIPO,4,I,0,1,0,0,0,1,12,320,C,,,,,,,,,
190,6,PIPO,17,CD,0,0,0,0,0,1,12,320,C,,,,,,,,,
191,6,PIPO,19,CD,0,0,0,0,0,1,12,320,C,,,,,,,,,
192,6,PIPO,9,CD,0,0,0,0,0,1,12,320,C,,,,,,,,,
193,6,PIPO,10.5,CD,0,0,0,0,0,2,12,320,C,,,,,,,,,
194,6,PIPO,3.5,I,0,0,0,0,0,1,12,320,C,,,,,,,,,
195,6,PSME,3,S,0,0,1,0,0,0,12,320,C,,,,,,,,,
196,6,PSME,3,S,0,0,1,0,0,0,12,320,C,,,,,,,,,
197,6,PSME,2,S,0,0,1,0,0,0,12,320,C,,,,,,,,,
198,6,PSME,2,S,0,0,1,0,0,0,12,320,C,,,,,,,,,
199,6,PSME,1,S,0,0,1,0,0,0,12,320,C,,,,,,,,,
200,6,PIPO,2,S,0,0,0,0,0,0,12,320,C,,,,,,,,,
201,6,PIPO,7.5,CD,10,0,0,0,0,1,12,320,C,,,,,,,,,
202,6,PIPO,18.5,D,0,0,0,0,0,1,12,320,C,,,,,,,,,
203,6,PIPO,15,CD,0,0,0,0,0,1,12,320,C,,,,,,,,,
204,6,PIPO,13,CD,0,0,0,0,0,1,12,320,C,,,,,,,,,
205,6,JUSC,2.5,S,0,0,0,0,1,0,12,320,C,,,,,,,,,
206,7,PIPO,19,CD,0,1,0,0,0,0,8,10,C,,,,,,,,,
207,7,PIPO,21,CD,0,1,0,0,0,0,8,10,C,,,,,,,,,
208,7,PSME,11,CD,0,0,0,0,1,0,8,10,C,,,,,,,,,
209,7,PIPO,17,CD,0,1,0,1,0,0,8,10,C,,,,,,,,,
210,7,PSME,13,CD,0,0,0,0,0,0,8,10,C,,,,,,,,,
211,7,PSME,14,CD,0,1,0,0,1,0,8,10,C,,,,,,,,,
212,7,PIPO,15,CD,0,1,0,1,1,0,8,10,C,,,,,,,,,
213,7,PSME,15,CD,0,1,0,0,1,0,8,10,C,,,,,,,,,
214,7,PSME,11,CD,0,1,11,0,0,0,8,10,C,,,,,,,,,
215,7,PIPO,14,CD,0,1,1,1,1,0,8,10,C,,,,,,,,,
216,7,PIPO,6,I,0,1,0,1,1,0,8,10,C,,,,,,,,,
217,7,PIPO,15,CD,0,1,0,1,0,0,8,10,C,,,,,,,,,
218,7,PIPO,10,CD,0,1,0,1,1,0,8,10,C,,,,,,,,,
219,7,PSME,14,CD,0,1,0,0,1,0,8,10,C,,,,,,,,,
220,7,PSME,6,I,0,1,1,0,1,0,8,10,C,,,,,,,,,
221,7,PSME,2.5,S,0,1,1,0,0,0,8,10,C,,,,,,,,,
222,7,PSME,2.5,S,0,1,1,0,0,0,8,10,C,,,,,,,,,
223,7,PSME,2,S,0,1,1,0,0,0,8,10,C,,,,,,,,,
224,7,PSME,2,S,0,1,1,0,0,0,8,10,C,,,,,,,,,
225,7,PSME,1,S,0,1,1,0,0,0,8,10,C,,,,,,,,,
226,7,PSME,5,I,0,1,1,0,1,0,8,10,C,,,,,,,,,
227,7,PIFL,12,CD,0,1,1,0,0,0,8,10,C,,,,,,,,,
228,8,PIPO,21,D,0,1,0,1,1,0,8,180,W,,,,,,,,,
229,8,PIPO,3,S,0,1,0,1,0,0,8,180,W,,,,,,,,,
230,8,PIPO,11,CD,0,1,0,0,1,0,8,180,W,,,,,,,,,
231,8,PIPO,14,CD,0,1,0,0,0,0,8,180,W,,,,,,,,,
232,8,PIPO,8,I,0,1,1,0,0,0,8,180,W,,,,,,,,,
233,8,PIPO,13,CD,0,1,0,1,1,0,8,180,W,,,,,,,,,
234,8,PIPO,15,CD,0,1,0,1,1,0,8,180,W,,,,,,,,,
235,8,PIPO,24,D,0,1,0,1,1,0,8,180,W,,,,,,,,,
236,8,PIPO,10,CD,0,1,0,1,1,0,8,180,W,,,,,,,,,
237,9,PIPO,25,D,20,1,1,1,1,0,16,125,W,,,,,,,,,
238,9,PSME,8,CD,0,1,1,0,0,0,16,125,W,,,,,,,,,
239,9,PIPO,22,D,0,1,0,1,1,0,16,125,W,,,,,,,,,
240,9,PIPO,10,CD,0,1,0,1,1,0,16,125,W,,,,,,,,,
241,9,PIPO,12,CD,0,1,1,1,1,0,16,125,W,,,,,,,,,
242,9,PIPO,13,CD,0,1,1,1,0,0,16,125,W,,,,,,,,,
243,9,PIPO,17,CD,0,1,1,1,1,0,16,125,W,,,,,,,,,
244,9,PSME,11,CD,0,0,1,0,1,0,16,125,W,,,,,,,,,
245,9,JUSC,7,I,0,1,0,0,0,0,16,125,W,,,,,,,,,
246,9,PSME,6,I,0,1,1,0,0,0,16,125,W,,,,,,,,,
247,9,PIPO,7,I,0,1,0,1,0,0,16,125,W,,,,,,,,,
248,9,PIPO,12,CD,0,1,1,1,0,0,16,125,W,,,,,,,,,
249,10,PIPO,9,CD,0,1,1,0,0,1,22,115,W,,,,,,,,,
250,10,PIPO,10,CD,0,0,0,0,0,1,22,115,W,,,,,,,,,
251,10,PIPO,11,CD,0,0,1,0,1,0,22,115,W,,,,,,,,,
252,10,PIPO,10,CD,0,1,1,0,0,1,22,115,W,,,,,,,,,
253,10,PIPO,11,CD,0,1,1,0,0,2,22,115,W,,,,,,,,,
254,10,PIPO,10,CD,0,1,1,0,1,1,22,115,W,,,,,,,,,
255,10,PIPO,11,CD,0,1,1,1,0,0,22,115,W,,,,,,,,,
256,10,PIPO,9,CD,0,1,1,0,1,0,22,115,W,,,,,,,,,
257,10,PIPO,11,CD,0,1,1,1,1,0,22,115,W,,,,,,,,,
258,10,PIPO,10,CD,0,1,0,1,1,0,22,115,W,,,,,,,,,
259,10,PIPO,16,CD,0,1,1,1,1,0,22,115,W,,,,,,,,,
260,10,PIPO,7,CD,0,0,1,0,1,0,22,115,W,,,,,,,,,
261,10,PIPO,10,CD,0,1,1,1,1,0,22,115,W,,,,,,,,,
262,10,PIPO,9,CD,0,1,1,1,1,0,22,115,W,,,,,,,,,
263,10,PIPO,10,CD,0,1,1,0,1,0,22,115,W,,,,,,,,,
264,11,PIPO,11,CD,0,0,1,0,1,0,12,260,W,,,,,,,,,
265,11,PIPO,3,S,70,0,1,0,1,0,12,260,W,,,,,,,,,
266,11,PSME,6,I,0,1,1,0,0,0,12,260,W,,,,,,,,,
267,11,PIPO,12,CD,0,1,1,0,1,0,12,260,W,,,,,,,,,
268,11,PIPO,10,CD,0,0,1,0,1,0,12,260,W,,,,,,,,,
269,11,PIPO,5,I,0,0,1,0,0,0,12,260,W,,,,,,,,,
270,11,PIPO,3,S,20,1,1,0,0,0,12,260,W,,,,,,,,,
271,11,PIPO,3,S,80,1,1,0,0,0,12,260,W,,,,,,,,,
272,11,PIPO,3,S,20,1,1,0,0,0,12,260,W,,,,,,,,,
273,11,PIPO,10,CD,0,1,1,0,1,0,12,260,W,,,,,,,,,
274,11,PIPO,2,S,10,1,0,0,0,0,12,260,W,,,,,,,,,
275,11,PIPO,2,S,50,0,0,0,0,0,12,260,W,,,,,,,,,
276,11,PIPO,11,CD,0,0,1,0,1,0,12,260,W,,,,,,,,,
277,11,PIPO,9,CD,0,1,1,0,1,0,12,260,W,,,,,,,,,
278,11,PIPO,4,S,100,0,0,0,1,0,12,260,W,,,,,,,,,
279,11,PSME,4,I,0,0,1,0,0,0,12,260,W,,,,,,,,,
280,11,PSME,5,I,0,0,1,0,0,0,12,260,W,,,,,,,,,
281,11,PSME,4,I,0,0,1,0,0,0,12,260,W,,,,,,,,,
282,11,PIPO,5,S,60,1,1,0,1,0,12,260,W,,,,,,,,,
283,11,PSME,6,I,0,1,1,0,1,0,12,260,W,,,,,,,,,
284,11,PIPO,7,I,30,0,1,0,0,0,12,260,W,,,,,,,,,
285,11,PSME,4,I,0,1,1,0,0,0,12,260,W,,,,,,,,,
286,11,PIPO,7,CD,0,1,1,0,0,0,12,260,W,,,,,,,,,
287,11,PIPO,6,CD,0,0,1,0,1,0,12,260,W,,,,,,,,,
288,11,PSME,1,S,0,0,1,0,1,0,12,260,W,,,,,,,,,
289,11,PIPO,6,CD,0,1,1,0,1,0,12,260,W,,,,,,,,,
290,11,PSME,1,S,0,1,1,0,0,0,12,260,W,,,,,,,,,
291,11,PSME,9,CD,0,0,1,0,1,0,12,260,W,,,,,,,,,
292,11,PSME,4,I,0,1,1,0,1,0,12,260,W,,,,,,,,,
293,11,PIPO,5,I,30,0,1,0,1,0,12,260,W,,,,,,,,,
294,11,PSME,2,I,0,1,1,0,1,0,12,260,W,,,,,,,,,
295,11,PSME,2,I,0,1,1,0,1,0,12,260,W,,,,,,,,,
296,11,PSME,2,I,0,1,1,0,1,0,12,260,W,,,,,,,,,
297,11,PSME,2,I,0,1,1,0,1,0,12,260,W,,,,,,,,,
298,11,PSME,2,I,0,1,1,0,1,0,12,260,W,,,,,,,,,
299,11,PIPO,3,S,20,1,0,0,1,0,12,260,W,,,,,,,,,
300,11,PIPO,7,CD,0,0,1,0,1,0,12,260,W,,,,,,,,,
301,11,PIPO,3,S,0,0,0,0,0,0,12,260,W,,,,,,,,,
302,11,PIPO,7,CD,0,1,1,0,1,0,12,260,W,,,,,,,,,
303,11,PIPO,11,CD,0,1,1,0,1,0,12,260,W,,,,,,,,,
304,11,PIPO,11,CD,0,1,1,0,1,0,12,260,W,,,,,,,,,
305,11,PSME,5,I,0,1,0,0,1,0,12,260,W,,,,,,,,,
306,11,PSME,8,CD,0,1,0,0,1,0,12,260,W,,,,,,,,,
307,11,PIPO,9,CD,0,1,1,0,1,0,12,260,W,,,,,,,,,
308,11,PSME,6,I,0,1,0,0,1,0,12,260,W,,,,,,,,,
309,11,PSME,3.5,I,0,1,0,0,1,0,12,260,W,,,,,,,,,
310,11,PSME,3.5,I,0,1,1,0,1,0,12,260,W,,,,,,,,,
311,11,PSME,3.5,I,0,1,1,0,1,0,12,260,W,,,,,,,,,
312,11,PSME,3,I,0,1,1,0,1,0,12,260,W,,,,,,,,,
313,11,PSME,3,I,0,1,1,0,1,0,12,260,W,,,,,,,,,
314,11,PSME,3,I,0,1,1,0,1,0,12,260,W,,,,,,,,,
315,11,PSME,2.5,I,0,1,1,0,1,0,12,260,W,,,,,,,,,
316,11,PSME,2.5,I,0,1,1,0,1,0,12,260,W,,,,,,,,,
317,11,PSME,2.5,I,0,1,1,0,1,0,12,260,W,,,,,,,,,
318,11,PSME,2,S,0,1,1,0,1,0,12,260,W,,,,,,,,,
319,11,PSME,1,S,0,1,1,0,1,0,12,260,W,,,,,,,,,
320,11,PIPO,7.5,CD,0,0,1,0,1,0,12,260,W,,,,,,,,,
321,11,PIPO,7,CD,0,1,1,0,1,0,12,260,W,,,,,,,,,
322,11,PIPO,8,CD,0,1,1,0,1,0,12,260,W,,,,,,,,,
323,11,PSME,6.5,CD,0,1,1,0,1,0,12,260,W,,,,,,,,,
324,11,PIPO,11,CD,0,1,1,0,1,0,12,260,W,,,,,,,,,
325,11,PIPO,11,CD,0,0,1,0,1,0,12,260,W,,,,,,,,,
326,11,PIPO,6,I,0,1,1,0,1,0,12,260,W,,,,,,,,,
327,11,PIPO,14,CD,0,1,1,0,1,0,12,260,W,,,,,,,,,
328,11,PIPO,14,CD,0,0,1,0,1,0,12,260,W,,,,,,,,,
329,11,PSME,6,CD,0,1,1,0,1,0,12,260,W,,,,,,,,,
330,11,PSME,4,S,0,1,1,0,1,0,12,260,W,,,,,,,,,
331,11,PSME,9,CD,0,0,1,0,0,0,12,260,W,,,,,,,,,
332,11,PSME,2,S,0,1,1,0,1,0,12,260,W,,,,,,,,,
333,11,PSME,2,S,0,1,1,0,1,0,12,260,W,,,,,,,,,
334,11,PIPO,9,CD,0,0,1,0,1,0,12,260,W,,,,,,,,,
335,11,PSME,7,CD,0,1,1,0,1,0,12,260,W,,,,,,,,,
336,11,PIPO,7,CD,0,1,1,0,1,0,12,260,W,,,,,,,,,
337,11,PIPO,9,CD,0,1,1,0,1,0,12,260,W,,,,,,,,,
338,11,PIPO,2,I,0,1,0,0,0,0,12,260,W,,,,,,,,,
339,11,JUSC,2,S,0,0,0,0,0,0,12,260,W,,,,,,,,,
340,11,PIPO,11,CD,0,1,1,0,0,0,12,260,W,,,,,,,,,
341,11,PIPO,7,CD,0,1,1,0,1,0,12,260,W,,,,,,,,,
342,11,PIPO,10,CD,0,1,1,0,1,0,12,260,W,,,,,,,,,
343,11,PIPO,10,CD,0,1,1,0,1,0,12,260,W,,,,,,,,,
344,12,PIPO,16.5,CD,20,0,1,0,1,0,12,280,C,,,,,,,,,
345,12,PSME,13,CD,10,0,1,0,0,0,12,280,C,,,,,,,,,
346,12,PIPO,6.5,CD,0,0,1,0,1,0,12,280,C,,,,,,,,,
347,12,PIPO,12.5,CD,0,0,1,0,0,0,12,280,C,,,,,,,,,
348,12,PIPO,2,S,0,1,1,0,0,0,12,280,C,,,,,,,,,
349,12,PIPO,10,CD,10,1,1,0,1,0,12,280,C,,,,,,,,,
350,12,PIPO,12,CD,0,1,1,0,0,0,12,280,C,,,,,,,,,
351,12,PIPO,15,CD,0,1,1,0,0,0,12,280,C,,,,,,,,,
352,12,PIPO,12,CD,0,1,0,0,0,0,12,280,C,,,,,,,,,
353,12,PIPO,9,CD,0,1,0,0,0,0,12,280,C,,,,,,,,,
354,12,PIPO,15,CD,0,1,1,0,1,0,12,280,C,,,,,,,,,
355,12,PIPO,18,CD,0,1,1,0,1,0,12,280,C,,,,,,,,,
356,12,PIPO,12,CD,0,1,1,0,1,0,12,280,C,,,,,,,,,
357,12,PIPO,12,CD,10,1,0,0,0,0,12,280,C,,,,,,,,,
358,12,PIPO,12,CD,10,1,1,0,1,0,12,280,C,,,,,,,,,
359,13,PIPO,15,CD,0,1,1,0,1,0,12,325,C,,,,,,,,,
360,13,PIPO,13.5,CD,0,0,0,0,1,0,12,325,C,,,,,,,,,
361,13,PIPO,12,CD,0,1,1,0,0,0,12,325,C,,,,,,,,,
362,13,PIPO,9,CD,10,0,0,0,1,0,12,325,C,,,,,,,,,
363,13,PIPO,13,CD,0,1,1,0,1,0,12,325,C,,,,,,,,,
364,13,PIPO,20,D,0,1,0,0,1,0,12,325,C,,,,,,,,,
365,13,PIPO,11,CD,0,0,1,0,0,0,12,325,C,,,,,,,,,
366,13,PIPO,12,CD,10,1,1,0,0,0,12,325,C,,,,,,,,,
367,13,PIPO,12,CD,0,0,1,0,0,0,12,325,C,,,,,,,,,
368,13,PIPO,11,CD,0,0,1,0,1,0,12,325,C,,,,,,,,,
369,13,PIPO,22,D,0,1,1,0,1,0,12,325,C,,,,,,,,,
370,13,PIPO,10,CD,10,0,1,0,1,0,12,325,C,,,,,,,,,
371,13,PIPO,7,CD,0,0,1,0,0,0,12,325,C,,,,,,,,,
372,13,PIPO,12,CD,0,0,1,0,1,0,12,325,C,,,,,,,,,
373,13,PIPO,10,CD,0,1,1,0,1,0,12,325,C,,,,,,,,,
374,13,PIPO,10,CD,0,0,1,0,1,0,12,325,C,,,,,,,,,
375,13,PIPO,10,CD,0,0,1,0,1,0,12,325,C,,,,,,,,,
376,14,PIPO,15,CD,0,1,1,1,1,0,14,105,W,,,,,,,,,
377,14,PSME,12,CD,0,1,1,0,0,0,14,105,W,,,,,,,,,
378,14,PIPO,20,CD,0,1,1,1,1,0,14,105,W,,,,,,,,,
379,14,PIPO,22,CD,0,1,1,1,1,0,14,105,W,,,,,,,,,
380,14,PIPO,21,CD,0,1,1,1,1,0,14,105,W,,,,,,,,,
381,14,PIPO,8.5,I,0,1,0,1,0,0,14,105,W,,,,,,,,,
382,14,PIPO,22,CD,0,1,1,1,1,0,14,105,W,,,,,,,,,
383,14,PIPO,21,CD,0,1,1,1,1,0,14,105,W,,,,,,,,,
384,14,PIPO,16,CD,0,1,1,1,1,0,14,105,W,,,,,,,,,
385,15,PIPO,10,CD,10,1,0,0,1,0,12,285,C,,,,,,,,,
386,15,PIPO,7,CD,100,0,0,0,0,0,12,285,C,,,,,,,,,
387,15,PIPO,8.5,CD,10,0,0,0,1,1,12,285,C,,,,,,,,,
388,15,PIPO,7.5,CD,0,1,0,0,0,1,12,285,C,,,,,,,,,
389,15,PIPO,4,I,20,0,0,0,1,0,12,285,C,,,,,,,,,
390,15,PIPO,3,S,0,1,0,0,0,1,12,285,C,,,,,,,,,
391,15,PIPO,9,CD,20,0,0,0,1,0,12,285,C,,,,,,,,,
392,15,PIPO,10,CD,0,0,0,0,0,0,12,285,C,,,,,,,,,
393,15,PIPO,3.5,S,0,0,0,0,1,1,12,285,C,,,,,,,,,
394,15,PIPO,7.5,CD,10,0,0,0,1,0,12,285,C,,,,,,,,,
395,15,PIPO,9,CD,10,0,0,0,1,0,12,285,C,,,,,,,,,
396,15,PIPO,7,CD,10,0,1,0,0,0,12,285,C,,,,,,,,,
397,15,PIPO,9.5,CD,10,0,0,0,1,0,12,285,C,,,,,,,,,
398,15,PIPO,8,CD,100,0,0,0,0,0,12,285,C,,,,,,,,,
399,15,PIPO,8,CD,0,0,0,0,0,0,12,285,C,,,,,,,,,
400,15,PIPO,5,I,30,0,0,0,0,0,12,285,C,,,,,,,,,
401,15,PIPO,12,CD,10,0,0,0,1,0,12,285,C,,,,,,,,,
402,15,PIPO,5,I,20,0,0,0,0,0,12,285,C,,,,,,,,,
403,15,PIPO,8.5,CD,100,0,0,0,0,0,12,285,C,,,,,,,,,
404,15,PIPO,9,CD,100,0,0,0,0,0,12,285,C,,,,,,,,,
405,15,PIPO,10,CD,10,1,0,0,1,0,12,285,C,,,,,,,,,
406,15,PIPO,7,CD,0,0,0,0,1,1,12,285,C,,,,,,,,,
407,15,PIPO,6,CD,10,0,0,0,0,0,12,285,C,,,,,,,,,
408,15,PIPO,3,I,0,1,0,0,0,0,12,285,C,,,,,,,,,
409,15,PIPO,6.5,I,0,1,0,0,1,0,12,285,C,,,,,,,,,
410,15,PIPO,4,I,0,1,0,0,0,1,12,285,C,,,,,,,,,
411,15,PSME,3.5,S,0,1,1,0,0,0,12,285,C,,,,,,,,,
412,15,PIPO,13,CD,0,1,0,0,1,0,12,285,C,,,,,,,,,
413,15,PIPO,7,I,0,0,0,0,0,1,12,285,C,,,,,,,,,
414,15,PIPO,7.5,CD,0,0,0,0,0,0,12,285,C,,,,,,,,,
415,15,PIPO,8,CD,20,1,0,0,1,1,12,285,C,,,,,,,,,
416,15,PIPO,9,CD,0,0,0,0,1,0,12,285,C,,,,,,,,,
417,15,PIPO,13,CD,0,1,1,0,1,0,12,285,C,,,,,,,,,
418,15,PIPO,4,S,20,1,0,0,0,0,12,285,C,,,,,,,,,
419,15,PIPO,8,CD,20,0,1,0,0,0,12,285,C,,,,,,,,,
420,15,PIPO,3,S,10,1,0,0,1,0,12,285,C,,,,,,,,,
421,15,PIPO,6,CD,0,1,0,0,1,0,12,285,C,,,,,,,,,
422,15,PIPO,8.5,CD,10,1,0,0,1,0,12,285,C,,,,,,,,,
423,15,PSME,1,S,0,0,1,0,0,0,12,285,C,,,,,,,,,
424,15,PIPO,5.5,I,20,0,0,0,1,0,12,285,C,,,,,,,,,
425,15,PIPO,7,CD,0,0,0,0,1,1,12,285,C,,,,,,,,,
426,15,PSME,2,S,0,1,1,0,0,0,12,285,C,,,,,,,,,
427,15,PIPO,8,CD,0,0,0,0,0,0,12,285,C,,,,,,,,,
428,15,PSME,7.5,CD,0,0,0,0,0,0,12,285,C,,,,,,,,,
429,15,PIPO,4.5,CD,50,1,1,0,0,0,12,285,C,,,,,,,,,
430,15,PIPO,8,CD,10,0,0,0,1,0,12,285,C,,,,,,,,,
431,15,PIPO,5,CD,30,0,0,0,0,0,12,285,C,,,,,,,,,
432,15,PSME,5,I,0,0,1,0,1,0,12,285,C,,,,,,,,,
433,15,PIPO,7,CD,10,1,0,0,1,0,12,285,C,,,,,,,,,
434,15,PIPO,6,I,10,1,0,0,0,0,12,285,C,,,,,,,,,
435,15,PIPO,7,CD,20,0,1,0,1,0,12,285,C,,,,,,,,,
436,15,PSME,1.5,S,0,1,1,0,0,0,12,285,C,,,,,,,,,
437,15,PSME,1.5,S,0,1,1,0,0,0,12,285,C,,,,,,,,,
438,15,PSME,1,S,0,1,0,0,0,0,12,285,C,,,,,,,,,
439,15,PIPO,10,CD,10,0,1,0,0,0,12,285,C,,,,,,,,,
440,15,PIPO,6,I,40,1,0,0,1,0,12,285,C,,,,,,,,,
441,16,PIPO,10,CD,10,1,0,0,0,0,14,155,W,,,,,,,,,
442,16,PIPO,11,CD,0,1,0,0,0,0,14,155,W,,,,,,,,,
443,16,PIPO,4.5,I,20,0,0,0,0,0,14,155,W,,,,,,,,,
444,16,PIPO,17,CD,0,0,0,0,1,0,14,155,W,,,,,,,,,
445,16,PIPO,17,D,10,0,0,0,0,0,14,155,W,,,,,,,,,
446,16,PIPO,10,CD,20,1,0,0,0,0,14,155,W,,,,,,,,,
447,16,PIPO,9.5,CD,10,1,0,0,0,0,14,155,W,,,,,,,,,
448,16,PIPO,12,CD,0,1,0,0,0,0,14,155,W,,,,,,,,,
449,16,PIPO,10,CD,0,1,0,0,1,0,14,155,W,,,,,,,,,
450,16,PIPO,8.5,CD,0,1,0,0,0,0,14,155,W,,,,,,,,,
451,16,PIPO,15,D,0,1,0,0,0,0,14,155,W,,,,,,,,,
452,17,PIPO,8.5,I,0,1,0,0,0,0,14,80,C,,,,,,,,,
453,17,PIPO,12.5,CD,0,0,0,0,1,0,14,80,C,,,,,,,,,
454,17,PSME,7,I,0,1,0,0,0,0,14,80,C,,,,,,,,,
455,17,PIPO,10,CD,0,0,0,0,0,0,14,80,C,,,,,,,,,
456,17,PIPO,10,CD,0,0,0,0,0,0,14,80,C,,,,,,,,,
457,17,PIPO,2,S,0,0,0,0,0,0,14,80,C,,,,,,,,,
458,17,PIPO,3,S,0,0,0,0,0,0,14,80,C,,,,,,,,,
459,17,PIPO,11.5,CD,0,0,0,0,0,0,14,80,C,,,,,,,,,
460,17,PIPO,8,CD,0,0,0,0,0,0,14,80,C,,,,,,,,,
461,17,PIPO,9,CD,0,0,0,0,0,0,14,80,C,,,,,,,,,
462,17,PIPO,9,I,0,0,0,0,2,0,14,80,C,,,,,,,,,
463,17,PIPO,6,I,0,0,0,0,0,0,14,80,C,,,,,,,,,
464,17,PIPO,3,S,0,0,0,0,0,0,14,80,C,,,,,,,,,
465,17,PIPO,3.5,S,0,0,0,0,0,0,14,80,C,,,,,,,,,
466,17,PIPO,12,CD,10,1,0,0,0,0,14,80,C,,,,,,,,,
467,17,PIPO,10,I,0,0,0,0,0,0,14,80,C,,,,,,,,,
468,17,PIPO,11,CD,0,1,0,0,0,0,14,80,C,,,,,,,,,
469,17,PIPO,9,I,0,0,0,0,0,0,14,80,C,,,,,,,,,
470,17,PIPO,14,D,0,1,0,0,0,0,14,80,C,,,,,,,,,
471,17,PIPO,13,CD,10,0,0,0,1,0,14,80,C,,,,,,,,,
472,17,PSME,11.5,CD,0,1,0,0,1,0,14,80,C,,,,,,,,,
473,18,PIPO,13.5,D,0,1,0,0,0,0,16,85,C,,,,,,,,,
474,18,PIPO,9,CD,0,1,0,0,0,0,16,85,C,,,,,,,,,
475,18,PIPO,13,CD,0,0,0,0,1,0,16,85,C,,,,,,,,,
476,18,PSME,7,I,0,1,0,0,0,0,16,85,C,,,,,,,,,
477,18,PIPO,12,CD,0,1,0,0,1,0,16,85,C,,,,,,,,,
478,18,PIPO,12.5,CD,10,1,0,0,1,0,16,85,C,,,,,,,,,
479,18,PSME,4.5,I,0,1,0,0,0,0,16,85,C,,,,,,,,,
480,18,PIPO,15.5,CD,0,1,0,0,1,0,16,85,C,,,,,,,,,
481,18,PSME,9,I,0,0,0,0,0,0,16,85,C,,,,,,,,,
482,18,PIPO,15,CD,10,0,0,0,1,0,16,85,C,,,,,,,,,
483,18,PSME,5.5,I,0,0,0,0,1,0,16,85,C,,,,,,,,,
484,18,PIPO,12,CD,0,0,0,0,1,0,16,85,C,,,,,,,,,
485,19,PIPO,12,CD,10,1,0,0,1,1,18,0,C,,,,,,,,,
486,19,PIPO,14.5,CD,10,1,0,0,0,2,18,0,C,,,,,,,,,
487,19,PIPO,16,CD,30,1,0,0,1,0,18,0,C,,,,,,,,,
488,19,PIPO,7.5,I,20,0,0,0,0,1,18,0,C,,,,,,,,,
489,19,PIPO,12,CD,0,1,0,0,0,0,18,0,C,,,,,,,,,
490,19,PIPO,4,I,0,0,0,0,0,1,18,0,C,,,,,,,,,
491,19,PIPO,12,CD,0,1,0,0,0,0,18,0,C,,,,,,,,,
492,19,PIPO,10,CD,0,1,0,0,1,0,18,0,C,,,,,,,,,
493,19,PIPO,5.5,I,0,1,0,0,0,1,18,0,C,,,,,,,,,
494,19,PIPO,7,CD,0,1,0,0,0,1,18,0,C,,,,,,,,,
495,19,PIPO,2.5,S,0,1,0,0,0,1,18,0,C,,,,,,,,,
496,19,PIPO,5.5,I,0,1,0,0,0,1,18,0,C,,,,,,,,,
497,19,PIPO,4.5,I,0,1,0,0,0,1,18,0,C,,,,,,,,,
498,20,PIPO,10,D,0,1,0,0,0,0,18,315,C,,,,,,,,,
499,20,PIPO,12,D,0,1,0,0,0,0,18,315,C,,,,,,,,,
500,20,PIPO,6.5,CD,0,1,0,0,0,0,18,315,C,,,,,,,,,
501,20,PIPO,5,CD,0,1,0,0,0,0,18,315,C,,,,,,,,,
502,20,PIPO,5.5,CD,0,0,0,0,0,0,18,315,C,,,,,,,,,
503,20,PIPO,6,CD,0,1,0,0,0,0,18,315,C,,,,,,,,,
504,20,PIPO,5.5,CD,0,1,0,0,0,0,18,315,C,,,,,,,,,
505,20,PIPO,5,CD,0,0,0,0,1,0,18,315,C,,,,,,,,,
506,20,PIPO,4.5,CD,0,1,0,0,0,0,18,315,C,,,,,,,,,
507,20,PIPO,2.5,I,0,1,0,0,0,0,18,315,C,,,,,,,,,
508,20,PIPO,4,I,0,1,0,0,0,0,18,315,C,,,,,,,,,
509,20,PIPO,2.5,I,0,1,0,0,0,0,18,315,C,,,,,,,,,
510,21,PIPO,15.5,CD,0,0,0,0,2,1,12,150,W,,,,,,,,,
511,21,PIPO,11,CD,0,0,0,0,1,1,12,150,W,,,,,,,,,
512,21,PIPO,26,D,0,0,0,0,1,0,12,150,W,,,,,,,,,
513,21,PIPO,11,CD,10,1,0,0,1,1,12,150,W,,,,,,,,,
514,21,PIPO,6.5,I,0,1,1,0,0,0,12,150,W,,,,,,,,,
515,21,PIPO,8.5,CD,0,0,0,0,1,0,12,150,W,,,,,,,,,
516,21,PIPO,5.5,S,0,0,0,0,0,0,12,150,W,,,,,,,,,
517,21,PIPO,11.5,CD,0,0,0,0,0,0,12,150,W,,,,,,,,,
518,21,PIPO,8.5,CD,0,1,0,0,0,1,12,150,W,,,,,,,,,
519,21,PIPO,4.5,I,0,1,0,0,0,1,12,150,W,,,,,,,,,
520,21,PIPO,13,CD,0,0,0,0,0,1,12,150,W,,,,,,,,,
521,21,PIPO,8,CD,0,1,0,0,1,1,12,150,W,,,,,,,,,
522,21,PIPO,8.5,CD,0,1,0,0,1,1,12,150,W,,,,,,,,,
523,21,PIPO,5,I,10,0,0,0,0,1,12,150,W,,,,,,,,,
524,22,PIPO,3.5,I,0,1,0,0,0,0,16,165,W,,,,,,,,,
525,22,PIPO,3.5,I,0,1,0,0,0,0,16,165,W,,,,,,,,,
526,22,PIPO,5,I,0,1,0,0,0,0,16,165,W,,,,,,,,,
527,22,PIPO,3.5,S,0,1,0,0,0,0,16,165,W,,,,,,,,,
528,22,PIPO,2.5,I,0,1,0,0,0,0,16,165,W,,,,,,,,,
529,22,PIPO,3,I,0,1,0,0,0,0,16,165,W,,,,,,,,,
530,22,PIPO,3,I,0,1,0,0,0,0,16,165,W,,,,,,,,,
531,22,PIPO,3.5,I,0,1,0,0,0,0,16,165,W,,,,,,,,,
532,22,PIPO,4,I,0,1,0,0,0,0,16,165,W,,,,,,,,,
533,22,PIPO,2,S,0,0,0,0,0,0,16,165,W,,,,,,,,,
534,22,PIPO,3,I,0,1,0,0,1,0,16,165,W,,,,,,,,,
535,22,JUSC,8,CD,0,1,0,0,0,0,16,165,W,,,,,,,,,
536,22,PIPO,6,CD,0,1,0,0,0,0,16,165,W,,,,,,,,,
537,22,PIPO,7,CD,0,1,0,0,0,0,16,165,W,,,,,,,,,
538,22,PIPO,2.5,I,0,1,0,0,0,0,16,165,W,,,,,,,,,
539,22,PIPO,2,S,0,1,0,0,0,0,16,165,W,,,,,,,,,
540,22,PIPO,8.5,CD,0,1,0,0,1,0,16,165,W,,,,,,,,,
541,22,PIPO,5.5,CD,0,1,0,0,0,0,16,165,W,,,,,,,,,
542,22,PIPO,11.5,CD,0,1,0,0,0,0,16,165,W,,,,,,,,,
543,22,PIPO,9,CD,0,1,0,0,0,0,16,165,W,,,,,,,,,
544,22,PIPO,2,S,0,0,0,0,0,0,16,165,W,,,,,,,,,
545,22,PIPO,5.5,CD,0,1,0,0,0,0,16,165,W,,,,,,,,,
546,22,PIPO,5,I,0,1,0,0,0,0,16,165,W,,,,,,,,,
547,22,PIPO,2.5,S,0,1,0,0,0,0,16,165,W,,,,,,,,,
548,22,PIPO,5.5,CD,0,1,0,0,0,0,16,165,W,,,,,,,,,
549,22,PIPO,7,CD,0,1,0,0,0,0,16,165,W,,,,,,,,,
550,22,PIPO,5,CD,0,1,0,0,0,0,16,165,W,,,,,,,,,
551,22,PIPO,5.5,CD,0,1,0,0,0,0,16,165,W,,,,,,,,,
552,22,PIPO,5.5,CD,0,1,0,0,0,0,16,165,W,,,,,,,,,
553,22,PIPO,7.5,CD,0,1,0,0,0,0,16,165,W,,,,,,,,,
554,22,PIPO,13.5,D,10,1,0,0,1,0,16,165,W,,,,,,,,,
555,22,PIPO,7,I,0,1,0,0,0,0,16,165,W,,,,,,,,,
556,22,PIPO,6.5,I,0,1,0,0,0,0,16,165,W,,,,,,,,,
557,23,PIPO,19,D,0,1,0,0,1,1,18,145,W,,,,,,,,,
558,23,PSME,17,D,20,0,0,0,1,1,18,145,W,,,,,,,,,
559,23,PIPO,12,CD,0,1,0,0,0,0,18,145,W,,,,,,,,,
560,23,PIPO,14,CD,0,0,0,0,0,0,18,145,W,,,,,,,,,
561,23,PIPO,8,CD,0,1,0,0,0,0,18,145,W,,,,,,,,,
562,23,PIPO,12,CD,0,0,0,0,0,0,18,145,W,,,,,,,,,
563,23,PIPO,6,I,0,1,0,0,0,0,18,145,W,,,,,,,,,
564,23,PIPO,2.5,S,0,1,0,0,0,0,18,145,W,,,,,,,,,
565,23,PIPO,9,CD,0,1,0,0,0,0,18,145,W,,,,,,,,,
566,23,PIPO,11.5,CD,0,1,0,0,0,0,18,145,W,,,,,,,,,
567,23,PIPO,8,CD,0,0,0,0,0,0,18,145,W,,,,,,,,,
568,23,PIPO,10.5,I,0,1,0,0,2,0,18,145,W,,,,,,,,,
569,23,PIPO,18,D,0,1,0,0,0,0,18,145,W,,,,,,,,,
570,24,PIPO,7.5,I,0,1,0,0,0,0,8,145,W,,,,,,,,,
571,24,PIPO,11,CD,0,1,0,0,0,0,8,145,W,,,,,,,,,
572,24,PIPO,7.5,CD,0,0,0,0,0,0,8,145,W,,,,,,,,,
573,24,PIPO,10.5,CD,0,0,0,0,0,0,8,145,W,,,,,,,,,
574,24,PIPO,11,CD,0,0,0,0,1,0,8,145,W,,,,,,,,,
575,24,PIPO,9,I,0,0,0,0,0,0,8,145,W,,,,,,,,,
576,24,PIPO,10.5,CD,0,0,0,0,0,0,8,145,W,,,,,,,,,
577,24,PIPO,14,D,0,0,0,0,0,0,8,145,W,,,,,,,,,
578,24,PIPO,9.5,CD,0,1,0,0,0,0,8,145,W,,,,,,,,,
579,24,PIPO,3.5,S,0,0,0,0,0,0,8,145,W,,,,,,,,,
580,24,PIPO,7.5,CD,0,0,0,0,0,0,8,145,W,,,,,,,,,
581,24,JUSC,7,I,0,0,0,0,0,0,8,145,W,,,,,,,,,
582,24,JUSC,4,I,0,0,0,0,0,0,8,145,W,,,,,,,,,
583,24,JUSC,3,I,0,0,0,0,0,0,8,145,W,,,,,,,,,
584,26,POTR,3.5,I,0,0,0,0,0,0,20,225,W,,,,,,,,,
585,26,PIPO,17.5,CD,0,1,0,0,0,0,20,225,W,,,,,,,,,
586,26,PIFL,1.5,S,0,1,0,0,0,0,20,225,W,,,,,,,,,
587,26,PIPO,17,CD,0,1,0,0,0,0,20,225,W,,,,,,,,,
588,26,PIFL,3.5,I,0,1,1,0,0,0,20,225,W,,,,,,,,,
589,26,PIFL,5,I,0,1,0,0,0,0,20,225,W,,,,,,,,,
590,26,PIFL,1.5,I,0,1,0,0,0,0,20,225,W,,,,,,,,,
591,26,PIPO,15,CD,0,1,0,0,0,0,20,225,W,,,,,,,,,
592,26,PIPO,3.5,I,0,0,0,0,0,0,20,225,W,,,,,,,,,
593,26,PIPO,6,CD,0,1,0,0,0,0,20,225,W,,,,,,,,,
594,26,PSME,3.5,I,0,1,0,0,0,0,20,225,W,,,,,,,,,
595,26,PIPO,7.5,CD,0,0,0,0,0,0,20,225,W,,,,,,,,,
596,26,PIPO,6,I,0,1,0,0,0,0,20,225,W,,,,,,,,,
597,26,PIPO,5,I,0,1,0,0,0,0,20,225,W,,,,,,,,,
598,26,PIPO,11.5,CD,0,1,0,0,0,0,20,225,W,,,,,,,,,
599,26,PIPO,4,I,0,1,0,0,0,0,20,225,W,,,,,,,,,
600,26,PSME,9.5,CD,0,1,0,0,0,0,20,225,W,,,,,,,,,
601,26,PIFL,13,CD,0,1,0,0,0,0,20,225,W,,,,,,,,,
602,27,PIPO,7,CD,0,1,0,0,0,0,25,180,W,,,,,,,,,
603,27,PIPO,3,I,0,1,0,0,0,0,25,180,W,,,,,,,,,
604,27,PIPO,5.5,I,0,0,0,0,0,0,25,180,W,,,,,,,,,
605,27,PIPO,6,I,0,1,0,0,0,0,25,180,W,,,,,,,,,
606,27,PIPO,10.5,CD,0,0,0,0,0,0,25,180,W,,,,,,,,,
607,27,PIPO,6,CD,0,1,0,0,0,0,25,180,W,,,,,,,,,
608,27,PIPO,3.5,I,0,1,0,0,0,0,25,180,W,,,,,,,,,
609,27,PIPO,4,I,0,1,0,0,0,0,25,180,W,,,,,,,,,
610,27,PSME,1,S,0,1,0,0,0,0,25,180,W,,,,,,,,,
611,27,PIPO,2,S,0,0,0,0,0,0,25,180,W,,,,,,,,,
612,27,PIPO,1.5,S,0,0,0,0,0,0,25,180,W,,,,,,,,,
613,27,PIPO,14.5,D,0,1,0,0,0,0,25,180,W,,,,,,,,,
614,27,PIPO,3.5,I,0,1,0,0,0,0,25,180,W,,,,,,,,,
615,27,PIPO,3,I,0,1,0,0,0,0,25,180,W,,,,,,,,,
616,27,PIPO,4,I,0,0,0,0,0,0,25,180,W,,,,,,,,,
617,27,PIPO,3.5,I,0,1,0,0,0,0,25,180,W,,,,,,,,,
618,27,PIPO,6,CD,0,1,0,0,0,0,25,180,W,,,,,,,,,
619,27,PIPO,6,CD,0,1,0,0,0,0,25,180,W,,,,,,,,,
620,28,PIPO,11,CD,0,1,0,0,0,0,10,20,C,,,,,,,,,
621,28,PIPO,13,CD,0,0,0,0,0,0,10,20,C,,,,,,,,,
622,28,PIPO,21,CD,0,0,0,0,1,0,10,20,C,,,,,,,,,
623,28,PIPO,16,CD,0,1,0,0,0,0,10,20,C,,,,,,,,,
624,28,PIPO,12,I,0,0,0,0,0,0,10,20,C,,,,,,,,,
625,28,PIPO,11,CD,0,0,0,0,0,0,10,20,C,,,,,,,,,
626,28,PIPO,18,CD,0,1,0,0,0,0,10,20,C,,,,,,,,,
627,28,PIPO,16,CD,0,0,0,0,0,0,10,20,C,,,,,,,,,
628,28,PIPO,12.5,CD,0,1,0,0,0,0,10,20,C,,,,,,,,,
629,28,PIPO,15,CD,0,1,0,0,0,0,10,20,C,,,,,,,,,
630,28,PSME,15,CD,0,0,0,0,0,0,10,20,C,,,,,,,,,
631,29,PIPO,19,D,0,1,0,0,1,0,16,180,W,,,,,,,,,
632,29,PSME,8,CD,0,0,0,0,0,0,16,180,W,,,,,,,,,
633,29,PIPO,6,CD,0,0,0,0,0,0,16,180,W,,,,,,,,,
634,29,PIPO,7.5,CD,0,1,0,0,0,0,16,180,W,,,,,,,,,
635,29,PSME,8.5,CD,0,1,0,0,0,0,16,180,W,,,,,,,,,
636,29,PPO,11.5,CD,0,1,0,0,0,0,16,180,W,,,,,,,,,
637,29,PSME,4,I,0,0,0,0,0,0,16,180,W,,,,,,,,,
638,29,PSME,1,S,0,0,0,0,0,0,16,180,W,,,,,,,,,
639,29,PIPO,9,CD,0,1,0,0,0,0,16,180,W,,,,,,,,,
640,29,PIPO,4,I,0,1,0,0,0,0,16,180,W,,,,,,,,,
641,29,PIPO,6,I,0,1,0,0,0,0,16,180,W,,,,,,,,,
642,29,PIPO,5,I,0,1,0,0,0,0,16,180,W,,,,,,,,,
643,29,PSME,8,CD,0,0,0,0,0,0,16,180,W,,,,,,,,,
644,29,PSME,4,CD,0,0,0,0,0,0,16,180,W,,,,,,,,,
645,29,PIPO,6,CD,0,1,0,0,0,0,16,180,W,,,,,,,,,
646,29,PIPO,8,CD,0,1,0,0,0,0,16,180,W,,,,,,,,,
647,29,PIPO,6,CD,0,1,0,0,0,0,16,180,W,,,,,,,,,
648,29,PIPO,4,I,0,1,0,0,0,0,16,180,W,,,,,,,,,
649,29,PIPO,3,I,0,1,0,0,0,0,16,180,W,,,,,,,,,
650,29,PIPO,4.5,I,0,0,0,0,0,0,16,180,W,,,,,,,,,
651,29,PIPO,6.5,CD,0,0,0,0,0,0,16,180,W,,,,,,,,,
652,29,PIPO,9,CD,0,0,0,0,0,0,16,180,W,,,,,,,,,
653,29,PIPO,5.5,CD,0,1,0,0,0,0,16,180,W,,,,,,,,,
654,29,PIPO,6.5,CD,0,1,0,0,0,0,16,180,W,,,,,,,,,
655,29,PIPO,6,CD,0,0,0,0,0,0,16,180,W,,,,,,,,,
656,29,PIPO,1.5,I,0,1,0,0,0,0,16,180,W,,,,,,,,,
657,29,PIPO,10.5,CD,0,0,0,0,0,0,16,180,W,,,,,,,,,
658,29,PIPO,22,D,0,1,0,0,0,0,16,180,W,,,,,,,,,
659,29,PIPO,2,S,0,1,0,0,0,0,16,180,W,,,,,,,,,
660,29,PIPO,1.5,S,0,1,0,0,0,0,16,180,W,,,,,,,,,
661,29,PIPO,1,S,0,0,0,0,0,0,16,180,W,,,,,,,,,
662,30,PIPO,18.5,D,0,1,1,0,1,0,19,220,W,,,,,,,,,
663,30,PIPO,11,CD,0,1,0,0,0,0,19,220,W,,,,,,,,,
664,30,PIPO,13.5,D,0,1,0,0,0,0,19,220,W,,,,,,,,,
665,30,PIPO,1,S,0,0,0,0,0,0,19,220,W,,,,,,,,,
666,30,PIPO,1,S,0,0,0,0,0,0,19,220,W,,,,,,,,,
667,30,PIPO,1,S,0,0,0,0,0,0,19,220,W,,,,,,,,,
668,30,PIPO,6.5,I,0,1,0,0,0,0,19,220,W,,,,,,,,,
669,30,PIPO,10.5,CD,0,1,0,0,0,0,19,220,W,,,,,,,,,
670,30,PIPO,8.5,CD,0,0,0,0,0,0,19,220,W,,,,,,,,,
671,30,PIPO,10.5,CD,0,0,0,0,0,0,19,220,W,,,,,,,,,
672,30,PIPO,11,CD,0,0,0,0,0,0,19,220,W,,,,,,,,,
673,30,PIPO,10,CD,10,1,0,0,0,0,19,220,W,,,,,,,,,
674,30,PIPO,11.5,CD,10,1,0,0,0,0,19,220,W,,,,,,,,,
675,31,PIPO,11.5,CD,10,0,0,0,0,0,15,220,W,,,,,,,,,
676,31,PIPO,10.5,CD,0,0,0,0,0,0,15,220,W,,,,,,,,,
677,31,PIPO,14,CD,10,1,0,0,0,0,15,220,W,,,,,,,,,
678,31,PIPO,11,CD,0,0,0,0,1,0,15,220,W,,,,,,,,,
679,31,PIPO,11,CD,10,0,0,0,0,0,15,220,W,,,,,,,,,
680,31,PIPO,10,CD,10,0,0,0,0,0,15,220,W,,,,,,,,,
681,31,PIPO,9.5,CD,10,0,0,0,0,0,15,220,W,,,,,,,,,
682,31,PIPO,11.5,CD,0,1,0,0,0,0,15,220,W,,,,,,,,,
683,31,PIPO,11.5,CD,10,0,0,0,0,0,15,220,W,,,,,,,,,
684,31,PIPO,11.5,CD,0,0,0,0,0,0,15,220,W,,,,,,,,,
685,31,PIPO,11.5,CD,0,1,0,0,0,0,15,220,W,,,,,,,,,
686,31,PIPO,11.5,CD,0,1,0,0,0,0,15,220,W,,,,,,,,,
687,31,PIPO,10.5,CD,0,1,0,0,0,0,15,220,W,,,,,,,,,
688,31,PIPO,12,CD,0,1,0,0,0,0,15,220,W,,,,,,,,,
689,31,PIPO,9,CD,0,0,0,0,0,0,15,220,W,,,,,,,,,
690,31,PIPO,18,D,0,0,0,0,0,0,15,220,W,,,,,,,,,
691,32,PIPO,18,CD,10,1,0,0,1,1,24,95,W,,,,,,,,,
692,32,PIPO,14.5,CD,10,0,0,0,1,1,24,95,W,,,,,,,,,
693,32,PIPO,9.5,CD,0,0,0,1,0,1,24,95,W,,,,,,,,,
694,32,PIPO,14.5,CD,10,0,0,0,1,1,24,95,W,,,,,,,,,
695,32,PIPO,12,CD,10,0,0,0,1,2,24,95,W,,,,,,,,,
696,32,PIPO,3,I,10,0,0,0,1,2,24,95,W,,,,,,,,,
697,32,PIPO,13,CD,20,0,0,0,1,1,24,95,W,,,,,,,,,
698,32,PIPO,12,CD,10,0,0,0,1,1,24,95,W,,,,,,,,,
699,32,PIPO,10.5,CD,10,1,0,0,1,2,24,95,W,,,,,,,,,
700,32,PIPO,9,CD,0,1,0,0,1,2,24,95,W,,,,,,,,,
701,32,PIPO,4.5,I,100,0,0,0,1,2,24,95,W,,,,,,,,,
702,32,PIPO,3.5,I,0,0,0,0,0,1,24,95,W,,,,,,,,,
703,32,PIPO,14,CD,10,1,0,0,1,2,24,95,W,,,,,,,,,
704,32,PIPO,5.5,I,0,0,0,0,0,1,24,95,W,,,,,,,,,
705,32,PIPO,13,CD,10,0,0,0,1,1,24,95,W,,,,,,,,,
,,,,,,,,,,,,,,,,,,,,,,
,,,7.685106383,,,,,,,,,,,,,,,,,,,
,,,,,,,,,,,,,,,,,,,,,,
,,,,,,,,,,,,,,,,,,,,,,
,,,,,,,,,,,,,,,,,,,,,,
,,,,,,,,,,,,,,,,,,,,,,
,,,,,,,,,,,,,,,,,,,,,,
,,,,,,,,,,,,,,,,,,,,,,
,,,,,,,,,,,,,,,,,,,,,,
,,,,,,,,,,,,,,,,,,,,,,
,,,,,,,,,,,,,,,,,,,,,,
,,,,,,,,,,,,,,,,,,,,,,
,,,,,,,,,,,,,,,,,,,,,,
,,,,,,,,,,,,,,,,,,,,,,
,,,,,,,,,,,,,,,,,,,,,,
,,,,,,,,,,,,,,,,,,,,,,
,,,,,,,,,,,,,,,,,,,,,,
,,,,,,,,,,,,,,,,,,,,,,
,,,,,,,,,,,,,,,,,,,,,,
,,,,,,,,,,,,,,,,,,,,,,
,,,,,,,,,,,,,,,,,,,,,,
,,,,,,,,,,,,,,,,,,,,,,
,,,,,,,,,,,,,,,,,,,,,,
,,,,,,,,,,,,,,,,,,,,,,
,,,,,,,,,,,,,,,,,,,,,,
,,,,,,,,,,,,,,,,,,,,,,
,,,,,,,,,,,,,,,,,,,,,,
,,,,,,,,,,,,,,,,,,,,,,
,,,,,,,,,,,,,,,,,,,,,,
,,,,,,,,,,,,,,,,,,,,,,
,,,,,,,,,,,,,,,,,,,,,,
,,,,,,,,,,,,,,,,,,,,,,
,,,,,,,,,,,,,,,,,,,,,,
,,,,,,,,,,,,,,,,,,,,,,
,,,,,,,,,,,,,,,,,,,,,,
,,,,,,,,,,,,,,,,,,,,,,
,,,,,,,,,,,,,,,,,,,,,,
,,,,,,,,,,,,,,,,,,,,,,
,,,,,,,,,,,,,,,,,,,,,,
,,,,,,,,,,,,,,,,,,,,,,
,,,,,,,,,,,,,,,,,,,,,,
,,,,,,,,,,,,,,,,,,,,,,
,,,,,,,,,,,,,,,,,,,,,,
,,,,,,,,,,,,,,,,,,,,,,
,,,,,,,,,,,,,,,,,,,,,,
,,,,,,,,,,,,,,,,,,,,,,
,,,,,,,,,,,,,,,,,,,,,,
,,,,,,,,,,,,,,,,,,,,,,
,,,,,,,,,,,,,,,,,,,,,,
,,,,,,,,,,,,,,,,,,,,,,
,,,,,,,,,,,,,,,,,,,,,,
,,,,,,,,,,,,,,,,,,,,,,
,,,,,,,,,,,,,,,,,,,,,,
,,,,,,,,,,,,,,,,,,,,,,
,,,,,,,,,,,,,,,,,,,,,,
,,,,,,,,,,,,,,,,,,,,,,
,,,,,,,,,,,,,,,,,,,,,,
,,,,,,,,,,,,,,,,,,,,,,
,,,,,,,,,,,,,,,,,,,,,,
,,,,,,,,,,,,,,,,,,,,,,
,,,,,,,,,,,,,,,,,,,,,,
,,,,,,,,,,,,,,,,,,,,,,
,,,,,,,,,,,,,,,,,,,,,,
,,,,,,,,,,,,,,,,,,,,,,
,,,,,,,,,,,,,,,,,,,,,,
,,,,,,,,,,,,,,,,,,,,,,
,,,,,,,,,,,,,,,,,,,,,,
,,,,,,,,,,,,,,,,,,,,,,
,,,,,,,,,,,,,,,,,,,,,,
,,,,,,,,,,,,,,,,,,,,,,
,,,,,,,,,,,,,,,,,,,,,,
,,,,,,,,,,,,,,,,,,,,,,
,,,,,,,,,,,,,,,,,,,,,,
,,,,,,,,,,,,,,,,,,,,,,
,,,,,,,,,,,,,,,,,,,,,,
,,,,,,,,,,,,,,,,,,,,,,
,,,,,,,,,,,,,,,,,,,,,,
,,,,,,,,,,,,,,,,,,,,,,
,,,,,,,,,,,,,,,,,,,,,,
,,,,,,,,,,,,,,,,,,,,,,
,,,,,,,,,,,,,,,,,,,,,,
,,,,,,,,,,,,,,,,,,,,,,
,,,,,,,,,,,,,,,,,,,,,,
,,,,,,,,,,,,,,,,,,,,,,
,,,,,,,,,,,,,,,,,,,,,,
,,,,,,,,,,,,,,,,,,,,,,
,,,,,,,,,,,,,,,,,,,,,,
,,,,,,,,,,,,,,,,,,,,,,
,,,,,,,,,,,,,,,,,,,,,,
,,,,,,,,,,,,,,,,,,,,,,
,,,,,,,,,,,,,,,,,,,,,,
,,,,,,,,,,,,,,,,,,,,,,
,,,,,,,,,,,,,,,,,,,,,,
,,,,,,,,,,,,,,,,,,,,,,
,,,,,,,,,,,,,,,,,,,,,,
,,,,,,,,,,,,,,,,,,,,,,
,,,,,,,,,,,,,,,,,,,,,,
,,,,,,,,,,,,,,,,,,,,,,
,,,,,,,,,,,,,,,,,,,,,,
,,,,,,,,,,,,,,,,,,,,,,
,,,,,,,,,,,,,,,,,,,,,,
,,,,,,,,,,,,,,,,,,,,,,
,,,,,,,,,,,,,,,,,,,,,,
,,,,,,,,,,,,,,,,,,,,,,
,,,,,,,,,,,,,,,,,,,,,,
,,,,,,,,,,,,,,,,,,,,,,
,,,,,,,,,,,,,,,,,,,,,,
,,,,,,,,,,,,,,,,,,,,,,
,,,,,,,,,,,,,,,,,,,,,,
,,,,,,,,,,,,,,,,,,,,,,
,,,,,,,,,,,,,,,,,,,,,,
,,,,,,,,,,,,,,,,,,,,,,
,,,,,,,,,,,,,,,,,,,,,,
,,,,,,,,,,,,,,,,,,,,,,
,,,,,,,,,,,,,,,,,,,,,,
,,,,,,,,,,,,,,,,,,,,,,
,,,,,,,,,,,,,,,,,,,,,,
,,,,,,,,,,,,,,,,,,,,,,
,,,,,,,,,,,,,,,,,,,,,,
,,,,,,,,,,,,,,,,,,,,,,
,,,,,,,,,,,,,,,,,,,,,,
,,,,,,,,,,,,,,,,,,,,,,
,,,,,,,,,,,,,,,,,,,,,,
,,,,,,,,,,,,,,,,,,,,,,
,,,,,,,,,,,,,,,,,,,,,,
,,,,,,,,,,,,,,,,,,,,,,
,,,,,,,,,,,,,,,,,,,,,,
,,,,,,,,,,,,,,,,,,,,,,
,,,,,,,,,,,,,,,,,,,,,,
,,,,,,,,,,,,,,,,,,,,,,
,,,,,,,,,,,,,,,,,,,,,,
,,,,,,,,,,,,,,,,,,,,,,
,,,,,,,,,,,,,,,,,,,,,,
,,,,,,,,,,,,,,,,,,,,,,
,,,,,,,,,,,,,,,,,,,,,,
,,,,,,,,,,,,,,,,,,,,,,
,,,,,,,,,,,,,,,,,,,,,,
,,,,,,,,,,,,,,,,,,,,,,
,,,,,,,,,,,,,,,,,,,,,,
,,,,,,,,,,,,,,,,,,,,,,
,,,,,,,,,,,,,,,,,,,,,,
,,,,,,,,,,,,,,,,,,,,,,
,,,,,,,,,,,,,,,,,,,,,,
,,,,,,,,,,,,,,,,,,,,,,
,,,,,,,,,,,,,,,,,,,,,,
,,,,,,,,,,,,,,,,,,,,,,
,,,,,,,,,,,,,,,,,,,,,,
,,,,,,,,,,,,,,,,,,,,,,
,,,,,,,,,,,,,,,,,,,,,,
,,,,,,,,,,,,,,,,,,,,,,
,,,,,,,,,,,,,,,,,,,,,,
,,,,,,,,,,,,,,,,,,,,,,
,,,,,,,,,,,,,,,,,,,,,,
,,,,,,,,,,,,,,,,,,,,,,
,,,,,,,,,,,,,,,,,,,,,,
,,,,,,,,,,,,,,,,,,,,,,
,,,,,,,,,,,,,,,,,,,,,,
,,,,,,,,,,,,,,,,,,,,,,
,,,,,,,,,,,,,,,,,,,,,,
,,,,,,,,,,,,,,,,,,,,,,
,,,,,,,,,,,,,,,,,,,,,,
,,,,,,,,,,,,,,,,,,,,,,
,,,,,,,,,,,,,,,,,,,,,,
,,,,,,,,,,,,,,,,,,,,,,
,,,,,,,,,,,,,,,,,,,,,,
,,,,,,,,,,,,,,,,,,,,,,
,,,,,,,,,,,,,,,,,,,,,,
,,,,,,,,,,,,,,,,,,,,,,
,,,,,,,,,,,,,,,,,,,,,,
,,,,,,,,,,,,,,,,,,,,,,
,,,,,,,,,,,,,,,,,,,,,,
,,,,,,,,,,,,,,,,,,,,,,
,,,,,,,,,,,,,,,,,,,,,,
,,,,,,,,,,,,,,,,,,,,,,
,,,,,,,,,,,,,,,,,,,,,,
,,,,,,,,,,,,,,,,,,,,,,
,,,,,,,,,,,,,,,,,,,,,,
,,,,,,,,,,,,,,,,,,,,,,
,,,,,,,,,,,,,,,,,,,,,,
,,,,,,,,,,,,,,,,,,,,,,
,,,,,,,,,,,,,,,,,,,,,,
,,,,,,,,,,,,,,,,,,,,,,
,,,,,,,,,,,,,,,,,,,,,,
,,,,,,,,,,,,,,,,,,,,,,
,,,,,,,,,,,,,,,,,,,,,,
,,,,,,,,,,,,,,,,,,,,,,
,,,,,,,,,,,,,,,,,,,,,,
,,,,,,,,,,,,,,,,,,,,,,
,,,,,,,,,,,,,,,,,,,,,,
,,,,,,,,,,,,,,,,,,,,,,
,,,,,,,,,,,,,,,,,,,,,,
,,,,,,,,,,,,,,,,,,,,,,
,,,,,,,,,,,,,,,,,,,,,,
,,,,,,,,,,,,,,,,,,,,,,
,,,,,,,,,,,,,,,,,,,,,,
,,,,,,,,,,,,,,,,,,,,,,
,,,,,,,,,,,,,,,,,,,,,,
,,,,,,,,,,,,,,,,,,,,,,
,,,,,,,,,,,,,,,,,,,,,,
,,,,,,,,,,,,,,,,,,,,,,
,,,,,,,,,,,,,,,,,,,,,,
,,,,,,,,,,,,,,,,,,,,,,
,,,,,,,,,,,,,,,,,,,,,,
,,,,,,,,,,,,,,,,,,,,,,
,,,,,,,,,,,,,,,,,,,,,,
,,,,,,,,,,,,,,,,,,,,,,
,,,,,,,,,,,,,,,,,,,,,,
,,,,,,,,,,,,,,,,,,,,,,
,,,,,,,,,,,,,,,,,,,,,,
,,,,,,,,,,,,,,,,,,,,,,
,,,,,,,,,,,,,,,,,,,,,,
,,,,,,,,,,,,,,,,,,,,,,
,,,,,,,,,,,,,,,,,,,,,,
,,,,,,,,,,,,,,,,,,,,,,
,,,,,,,,,,,,,,,,,,,,,,
,,,,,,,,,,,,,,,,,,,,,,
,,,,,,,,,,,,,,,,,,,,,,
,,,,,,,,,,,,,,,,,,,,,,
,,,,,,,,,,,,,,,,,,,,,,
,,,,,,,,,,,,,,,,,,,,,,
,,,,,,,,,,,,,,,,,,,,,,
,,,,,,,,,,,,,,,,,,,,,,
,,,,,,,,,,,,,,,,,,,,,,
,,,,,,,,,,,,,,,,,,,,,,
,,,,,,,,,,,,,,,,,,,,,,
,,,,,,,,,,,,,,,,,,,,,,
,,,,,,,,,,,,,,,,,,,,,,
,,,,,,,,,,,,,,,,,,,,,,
,,,,,,,,,,,,,,,,,,,,,,
,,,,,,,,,,,,,,,,,,,,,,
,,,,,,,,,,,,,,,,,,,,,,
,,,,,,,,,,,,,,,,,,,,,,
,,,,,,,,,,,,,,,,,,,,,,
,,,,,,,,,,,,,,,,,,,,,,
,,,,,,,,,,,,,,,,,,,,,,
,,,,,,,,,,,,,,,,,,,,,,
,,,,,,,,,,,,,,,,,,,,,,
,,,,,,,,,,,,,,,,,,,,,,
,,,,,,,,,,,,,,,,,,,,,,
,,,,,,,,,,,,,,,,,,,,,,
,,,,,,,,,,,,,,,,,,,,,,
,,,,,,,,,,,,,,,,,,,,,,
,,,,,,,,,,,,,,,,,,,,,,
,,,,,,,,,,,,,,,,,,,,,,
,,,,,,,,,,,,,,,,,,,,,,
,,,,,,,,,,,,,,,,,,,,,,
,,,,,,,,,,,,,,,,,,,,,,
,,,,,,,,,,,,,,,,,,,,,,
,,,,,,,,,,,,,,,,,,,,,,
,,,,,,,,,,,,,,,,,,,,,,
,,,,,,,,,,,,,,,,,,,,,,
,,,,,,,,,,,,,,,,,,,,,,
,,,,,,,,,,,,,,,,,,,,,,
,,,,,,,,,,,,,,,,,,,,,,
,,,,,,,,,,,,,,,,,,,,,,
,,,,,,,,,,,,,,,,,,,,,,
,,,,,,,,,,,,,,,,,,,,,,
,,,,,,,,,,,,,,,,,,,,,,
,,,,,,,,,,,,,,,,,,,,,,
,,,,,,,,,,,,,,,,,,,,,,
,,,,,,,,,,,,,,,,,,,,,,
,,,,,,,,,,,,,,,,,,,,,,
,,,,,,,,,,,,,,,,,,,,,,
,,,,,,,,,,,,,,,,,,,,,,
,,,,,,,,,,,,,,,,,,,,,,
,,,,,,,,,,,,,,,,,,,,,,
,,,,,,,,,,,,,,,,,,,,,,
,,,,,,,,,,,,,,,,,,,,,,
,,,,,,,,,,,,,,,,,,,,,,
,,,,,,,,,,,,,,,,,,,,,,
,,,,,,,,,,,,,,,,,,,,,,
,,,,,,,,,,,,,,,,,,,,,,
,,,,,,,,,,,,,,,,,,,,,,
,,,,,,,,,,,,,,,,,,,,,,
,,,,,,,,,,,,,,,,,,,,,,
,,,,,,,,,,,,,,,,,,,,,,
,,,,,,,,,,,,,,,,,,,,,,
,,,,,,,,,,,,,,,,,,,,,,
,,,,,,,,,,,,,,,,,,,,,,
,,,,,,,,,,,,,,,,,,,,,,
,,,,,,,,,,,,,,,,,,,,,,
,,,,,,,,,,,,,,,,,,,,,,
,,,,,,,,,,,,,,,,,,,,,,
,,,,,,,,,,,,,,,,,,,,,,
,,,,,,,,,,,,,,,,,,,,,,
,,,,,,,,,,,,,,,,,,,,,,
,,,,,,,,,,,,,,,,,,,,,,
,,,,,,,,,,,,,,,,,,,,,,
,,,,,,,,,,,,,,,,,,,,,,
,,,,,,,,,,,,,,,,,,,,,,
,,,,,,,,,,,,,,,,,,,,,,
,,,,,,,,,,,,,,,,,,,,,,
,,,,,,,,,,,,,,,,,,,,,,
,,,,,,,,,,,,,,,,,,,,,,
,,,,,,,,,,,,,,,,,,,,,,
,,,,,,,,,,,,,,,,,,,,,,
,,,,,,,,,,,,,,,,,,,,,,
,,,,,,,,,,,,,,,,,,,,,,
,,,,,,,,,,,,,,,,,,,,,,
,,,,,,,,,,,,,,,,,,,,,,
,,,,,,,,,,,,,,,,,,,,,,
,,,,,,,,,,,,,,,,,,,,,,
,,,,,,,,,,,,,,,,,,,,,,
,,,,,,,,,,,,,,,,,,,,,,
,,,,,,,,,,,,,,,,,,,,,,
,,,,,,,,,,,,,,,,,,,,,,
,,,,,,,,,,,,,,,,,,,,,,
,,,,,,,,,,,,,,,,,,,,,,
,,,,,,,,,,,,,,,,,,,,,,
,,,,,,,,,,,,,,,,,,,,,,
,,,,,,,,,,,,,,,,,,,,,,
,,,,,,,,,,,,,,,,,,,,,,
,,,,,,,,,,,,,,,,,,,,,,
,,,,,,,,,,,,,,,,,,,,,,
,,,,,,,,,,,,,,,,,,,,,,
,,,,,,,,,,,,,,,,,,,,,,
,,,,,,,,,,,,,,,,,,,,,,
,,,,,,,,,,,,,,,,,,,,,,
,,,,,,,,,,,,,,,,,,,,,,
,,,,,,,,,,,,,,,,,,,,,,
,,,,,,,,,,,,,,,,,,,,,,
,,,,,,,,,,,,,,,,,,,,,,
,,,,,,,,,,,,,,,,,,,,,,
,,,,,,,,,,,,,,,,,,,,,,
,,,,,,,,,,,,,,,,,,,,,,
,,,,,,,,,,,,,,,,,,,,,,
,,,,,,,,,,,,,,,,,,,,,,
,,,,,,,,,,,,,,,,,,,,,,
,,,,,,,,,,,,,,,,,,,,,,
,,,,,,,,,,,,,,,,,,,,,,
,,,,,,,,,,,,,,,,,,,,,,
,,,,,,,,,,,,,,,,,,,,,,
,,,,,,,,,,,,,,,,,,,,,,
,,,,,,,,,,,,,,,,,,,,,,
,,,,,,,,,,,,,,,,,,,,,,
,,,,,,,,,,,,,,,,,,,,,,
,,,,,,,,,,,,,,,,,,,,,,
,,,,,,,,,,,,,,,,,,,,,,
,,,,,,,,,,,,,,,,,,,,,,
,,,,,,,,,,,,,,,,,,,,,,
,,,,,,,,,,,,,,,,,,,,,,
,,,,,,,,,,,,,,,,,,,,,,
,,,,,,,,,,,,,,,,,,,,,,
,,,,,,,,,,,,,,,,,,,,,,
,,,,,,,,,,,,,,,,,,,,,,
,,,,,,,,,,,,,,,,,,,,,,
,,,,,,,,,,,,,,,,,,,,,,
,,,,,,,,,,,,,,,,,,,,,,
,,,,,,,,,,,,,,,,,,,,,,
,,,,,,,,,,,,,,,,,,,,,,
,,,,,,,,,,,,,,,,,,,,,,
,,,,,,,,,,,,,,,,,,,,,,
,,,,,,,,,,,,,,,,,,,,,,
,,,,,,,,,,,,,,,,,,,,,,
,,,,,,,,,,,,,,,,,,,,,,
,,,,,,,,,,,,,,,,,,,,,,
,,,,,,,,,,,,,,,,,,,,,,
,,,,,,,,,,,,,,,,,,,,,,
,,,,,,,,,,,,,,,,,,,,,,
,,,,,,,,,,,,,,,,,,,,,,
,,,,,,,,,,,,,,,,,,,,,,
,,,,,,,,,,,,,,,,,,,,,,
,,,,,,,,,,,,,,,,,,,,,,
,,,,,,,,,,,,,,,,,,,,,,
,,,,,,,,,,,,,,,,,,,,,,
,,,,,,,,,,,,,,,,,,,,,,
,,,,,,,,,,,,,,,,,,,,,,
,,,,,,,,,,,,,,,,,,,,,,
,,,,,,,,,,,,,,,,,,,,,,
,,,,,,,,,,,,,,,,,,,,,,
,,,,,,,,,,,,,,,,,,,,,,
,,,,,,,,,,,,,,,,,,,,,,
,,,,,,,,,,,,,,,,,,,,,,
,,,,,,,,,,,,,,,,,,,,,,
,,,,,,,,,,,,,,,,,,,,,,
,,,,,,,,,,,,,,,,,,,,,,
,,,,,,,,,,,,,,,,,,,,,,
,,,,,,,,,,,,,,,,,,,,,,
,,,,,,,,,,,,,,,,,,,,,,
,,,,,,,,,,,,,,,,,,,,,,
,,,,,,,,,,,,,,,,,,,,,,
,,,,,,,,,,,,,,,,,,,,,,
,,,,,,,,,,,,,,,,,,,,,,
,,,,,,,,,,,,,,,,,,,,,,
,,,,,,,,,,,,,,,,,,,,,,
,,,,,,,,,,,,,,,,,,,,,,
,,,,,,,,,,,,,,,,,,,,,,
,,,,,,,,,,,,,,,,,,,,,,
,,,,,,,,,,,,,,,,,,,,,,
,,,,,,,,,,,,,,,,,,,,,,
,,,,,,,,,,,,,,,,,,,,,,
,,,,,,,,,,,,,,,,,,,,,,
,,,,,,,,,,,,,,,,,,,,,,
,,,,,,,,,,,,,,,,,,,,,,
,,,,,,,,,,,,,,,,,,,,,,
,,,,,,,,,,,,,,,,,,,,,,
,,,,,,,,,,,,,,,,,,,,,,
,,,,,,,,,,,,,,,,,,,,,,
,,,,,,,,,,,,,,,,,,,,,,
,,,,,,,,,,,,,,,,,,,,,,
,,,,,,,,,,,,,,,,,,,,,,
,,,,,,,,,,,,,,,,,,,,,,
,,,,,,,,,,,,,,,,,,,,,,
,,,,,,,,,,,,,,,,,,,,,,
,,,,,,,,,,,,,,,,,,,,,,
,,,,,,,,,,,,,,,,,,,,,,
,,,,,,,,,,,,,,,,,,,,,,
,,,,,,,,,,,,,,,,,,,,,,
,,,,,,,,,,,,,,,,,,,,,,
,,,,,,,,,,,,,,,,,,,,,,
,,,,,,,,,,,,,,,,,,,,,,
,,,,,,,,,,,,,,,,,,,,,,
,,,,,,,,,,,,,,,,,,,,,,
,,,,,,,,,,,,,,,,,,,,,,
,,,,,,,,,,,,,,,,,,,,,,
,,,,,,,,,,,,,,,,,,,,,,
,,,,,,,,,,,,,,,,,,,,,,
,,,,,,,,,,,,,,,,,,,,,,
,,,,,,,,,,,,,,,,,,,,,,
,,,,,,,,,,,,,,,,,,,,,,
,,,,,,,,,,,,,,,,,,,,,,
,,,,,,,,,,,,,,,,,,,,,,
,,,,,,,,,,,,,,,,,,,,,,
,,,,,,,,,,,,,,,,,,,,,,
,,,,,,,,,,,,,,,,,,,,,,
,,,,,,,,,,,,,,,,,,,,,,
,,,,,,,,,,,,,,,,,,,,,,
,,,,,,,,,,,,,,,,,,,,,,
,,,,,,,,,,,,,,,,,,,,,,
,,,,,,,,,,,,,,,,,,,,,,
,,,,,,,,,,,,,,,,,,,,,,
,,,,,,,,,,,,,,,,,,,,,,
,,,,,,,,,,,,,,,,,,,,,,
,,,,,,,,,,,,,,,,,,,,,,
,,,,,,,,,,,,,,,,,,,,,,
,,,,,,,,,,,,,,,,,,,,,,
,,,,,,,,,,,,,,,,,,,,,,
,,,,,,,,,,,,,,,,,,,,,,
,,,,,,,,,,,,,,,,,,,,,,
,,,,,,,,,,,,,,,,,,,,,,
,,,,,,,,,,,,,,,,,,,,,,
,,,,,,,,,,,,,,,,,,,,,,
,,,,,,,,,,,,,,,,,,,,,,
,,,,,,,,,,,,,,,,,,,,,,
,,,,,,,,,,,,,,,,,,,,,,
,,,,,,,,,,,,,,,,,,,,,,
,,,,,,,,,,,,,,,,,,,,,,
,,,,,,,,,,,,,,,,,,,,,,
,,,,,,,,,,,,,,,,,,,,,,
,,,,,,,,,,,,,,,,,,,,,,
,,,,,,,,,,,,,,,,,,,,,,
,,,,,,,,,,,,,,,,,,,,,,
,,,,,,,,,,,,,,,,,,,,,,
,,,,,,,,,,,,,,,,,,,,,,
,,,,,,,,,,,,,,,,,,,,,,
,,,,,,,,,,,,,,,,,,,,,,
,,,,,,,,,,,,,,,,,,,,,,
,,,,,,,,,,,,,,,,,,,,,,
,,,,,,,,,,,,,,,,,,,,,,
,,,,,,,,,,,,,,,,,,,,,,
,,,,,,,,,,,,,,,,,,,,,,
,,,,,,,,,,,,,,,,,,,,,,
,,,,,,,,,,,,,,,,,,,,,,
,,,,,,,,,,,,,,,,,,,,,,
,,,,,,,,,,,,,,,,,,,,,,
,,,,,,,,,,,,,,,,,,,,,,
,,,,,,,,,,,,,,,,,,,,,,
,,,,,,,,,,,,,,,,,,,,,,
,,,,,,,,,,,,,,,,,,,,,,
,,,,,,,,,,,,,,,,,,,,,,
,,,,,,,,,,,,,,,,,,,,,,
,,,,,,,,,,,,,,,,,,,,,,
,,,,,,,,,,,,,,,,,,,,,,
,,,,,,,,,,,,,,,,,,,,,,
,,,,,,,,,,,,,,,,,,,,,,
,,,,,,,,,,,,,,,,,,,,,,
,,,,,,,,,,,,,,,,,,,,,,
,,,,,,,,,,,,,,,,,,,,,,
,,,,,,,,,,,,,,,,,,,,,,
,,,,,,,,,,,,,,,,,,,,,,
,,,,,,,,,,,,,,,,,,,,,,
,,,,,,,,,,,,,,,,,,,,,,
,,,,,,,,,,,,,,,,,,,,,,
,,,,,,,,,,,,,,,,,,,,,,
,,,,,,,,,,,,,,,,,,,,,,
,,,,,,,,,,,,,,,,,,,,,,
,,,,,,,,,,,,,,,,,,,,,,
,,,,,,,,,,,,,,,,,,,,,,
,,,,,,,,,,,,,,,,,,,,,,
,,,,,,,,,,,,,,,,,,,,,,
,,,,,,,,,,,,,,,,,,,,,,
,,,,,,,,,,,,,,,,,,,,,,
,,,,,,,,,,,,,,,,,,,,,,
,,,,,,,,,,,,,,,,,,,,,,
,,,,,,,,,,,,,,,,,,,,,,
,,,,,,,,,,,,,,,,,,,,,,
,,,,,,,,,,,,,,,,,,,,,,
,,,,,,,,,,,,,,,,,,,,,,
,,,,,,,,,,,,,,,,,,,,,,
,,,,,,,,,,,,,,,,,,,,,,
,,,,,,,,,,,,,,,,,,,,,,
,,,,,,,,,,,,,,,,,,,,,,
,,,,,,,,,,,,,,,,,,,,,,
,,,,,,,,,,,,,,,,,,,,,,
,,,,,,,,,,,,,,,,,,,,,,
,,,,,,,,,,,,,,,,,,,,,,
,,,,,,,,,,,,,,,,,,,,,,
,,,,,,,,,,,,,,,,,,,,,,
,,,,,,,,,,,,,,,,,,,,,,
,,,,,,,,,,,,,,,,,,,,,,
,,,,,,,,,,,,,,,,,,,,,,
,,,,,,,,,,,,,,,,,,,,,,
,,,,,,,,,,,,,,,,,,,,,,
,,,,,,,,,,,,,,,,,,,,,,
,,,,,,,,,,,,,,,,,,,,,,
,,,,,,,,,,,,,,,,,,,,,,
,,,,,,,,,,,,,,,,,,,,,,
,,,,,,,,,,,,,,,,,,,,,,
